<?xml version="1.0"?>
<metadata xml:lang="en"><Esri><CreaDate>20150114</CreaDate><CreaTime>02013535</CreaTime><ArcGISFormat>1.0</ArcGISFormat><SyncOnce>FALSE</SyncOnce><ModDate>20150120</ModDate><ModTime>13333200</ModTime><DataProperties><coordRef><csUnits>Decimal Degree</csUnits><geogcsn>WGS 84</geogcsn><peXml><wktVar>&lt;ProjectedCoordinateSystem&gt;&lt;WKT&gt;GEOGCS["WGS 84",DATUM["World Geodetic System 1984 [EPSG ID 6326]",SPHEROID["WGS 84 [EPSG ID 7030]",6378137.0,298.257223563]],PRIMEM["Greenwich",0.0],UNIT["Decimal Degree",0.01745329251994328]]&lt;/WKT&gt;&lt;XOrigin&gt;-85&lt;/XOrigin&gt;&lt;YOrigin&gt;40&lt;/YOrigin&gt;&lt;XYScale&gt;100000000&lt;/XYScale&gt;&lt;ZOrigin&gt;0&lt;/ZOrigin&gt;&lt;ZScale&gt;1&lt;/ZScale&gt;&lt;MOrigin&gt;0&lt;/MOrigin&gt;&lt;MScale&gt;1&lt;/MScale&gt;&lt;XYTolerance&gt;.00000002&lt;/XYTolerance&gt;&lt;ZTolerance&gt;0&lt;/ZTolerance&gt;&lt;MTolerance&gt;0&lt;/MTolerance&gt;&lt;HighPrecision&gt;&lt;/HighPrecision&gt;&lt;/ProjectedCoordinateSystem&gt;&lt;/peXml&gt;</wktVar></peXml><type Sync="TRUE">Geographic</type></coordRef><itemProps><itemName Sync="TRUE">RED_LIGHT_CAMERA_WGS84</itemName><imsContentType Sync="TRUE">002</imsContentType><nativeExtBox><westBL Sync="TRUE">-79.600095</westBL><eastBL Sync="TRUE">-79.146223</eastBL><southBL Sync="TRUE">43.593397</southBL><northBL Sync="TRUE">43.828295</northBL><exTypeCode Sync="TRUE">1</exTypeCode></nativeExtBox><itemSize Sync="TRUE">0.002</itemSize><itemLocation><linkage Sync="TRUE">file://\\J2XD0111841\C$\Open data\Red Light Camera\RED_LIGHT_CAMERA_WGS84.shp</linkage><protocol Sync="TRUE">Local Area Network</protocol></itemLocation></itemProps></DataProperties><SyncDate>20150120</SyncDate><SyncTime>13333200</SyncTime></Esri><idinfo><citation><citeinfo><title>Red Light Cameras</title><origin>Transpotation Services, Traffic Management Centre, Traffic Saftey Unit</origin><pubdate>01-19-2015</pubdate></citeinfo></citation><status><progress>Complete</progress><update>Annually</update></status></idinfo><dataIdInfo><themeKeys><keyword>red light camera</keyword><keyword>intersections</keyword><keyword>traffic signals</keyword></themeKeys><idPurp>Red light camers locations within City ot Toronto</idPurp><idAbs>This dataset identifies the intersections in Toronto where red light cameras are located.</idAbs><idCitation><resTitle>CITYGCS.RED_LIGHT_CAMERA</resTitle><presForm><PresFormCd value="005" Sync="TRUE"></PresFormCd></presForm></idCitation><resConst><Consts><useLimit>Source must be credited. Cannot be re-sold</useLimit></Consts></resConst><dataExt><geoEle><GeoBndBox><westBL>-82</westBL><eastBL>-77.8</eastBL><northBL>45.2</northBL><southBL>42</southBL></GeoBndBox></geoEle></dataExt><idPoC><rpIndName>Open Data Team</rpIndName><rpOrgName>CIty of Toronto</rpOrgName><rpCntInfo><cntAddress><eMailAdd>opendata@toronto.ca</eMailAdd></cntAddress></rpCntInfo><role><RoleCd value="005"></RoleCd></role></idPoC><envirDesc Sync="TRUE">Microsoft Windows 7 Version 6.1 (Build 7601) Service Pack 1; Esri ArcGIS 10.2.0.3348</envirDesc><dataLang><languageCode value="eng" Sync="TRUE"></languageCode><countryCode value="CAN" Sync="TRUE"></countryCode></dataLang><spatRpType><SpatRepTypCd value="001" Sync="TRUE"></SpatRepTypCd></spatRpType><dataExt><geoEle><GeoBndBox esriExtentType="search"><exTypeCode Sync="TRUE">1</exTypeCode><westBL Sync="TRUE">-79.600095</westBL><eastBL Sync="TRUE">-79.146223</eastBL><northBL Sync="TRUE">43.828295</northBL><southBL Sync="TRUE">43.593397</southBL></GeoBndBox></geoEle></dataExt></dataIdInfo><metainfo><D>99</D><langmeta>en</langmeta><mdDateSt><CreaDate>20150114 02013535</CreaDate></mdDateSt></metainfo><distinfo></distinfo><spdoinfo><ptvctinf><esriterm Name="RED_LIGHT_CAMERA_WGS84"><efeatyp Sync="TRUE">Simple</efeatyp><efeageom code="1" Sync="TRUE"></efeageom><esritopo Sync="TRUE">FALSE</esritopo><efeacnt Sync="TRUE">77</efeacnt><spindex Sync="TRUE">FALSE</spindex><linrefer Sync="TRUE">FALSE</linrefer></esriterm></ptvctinf></spdoinfo><mdContact><rpOrgName>Geospatial Competency Centre</rpOrgName><rpIndName>.</rpIndName><rpCntInfo><cntAddress><city>Toronto</city><delPoint>18 Dyas Rd,  3rd Floor</delPoint><eMailAdd>gcc@toronto.ca</eMailAdd><postCode>M3B 1V5</postCode><adminArea>ON</adminArea></cntAddress><cntPhone><voiceNum>416-392-2506</voiceNum><faxNum>416-397-4900</faxNum></cntPhone></rpCntInfo><rpPosName>.</rpPosName></mdContact><eainfo><detailed Name="RED_LIGHT_CAMERA_WGS84"><enttyp><enttypt>Feature Class</enttypt><enttypl>CITYGCS.RED_LIGHT_CAMERA</enttypl><enttypc>77</enttypc></enttyp><attr><attrlabl Sync="TRUE">FID</attrlabl><attalias Sync="TRUE">FID</attalias><attrtype Sync="TRUE">OID</attrtype><attwidth Sync="TRUE">4</attwidth><atprecis Sync="TRUE">0</atprecis><attscale Sync="TRUE">0</attscale><attrdef Sync="TRUE">Internal feature number.</attrdef><attrdefs Sync="TRUE">Esri</attrdefs><attrdomv><udom Sync="TRUE">Sequential unique whole numbers that are automatically generated.</udom></attrdomv></attr><attr><attrlabl>ROAD_1</attrlabl><attalias>ROAD_1</attalias><attrtype>VARCHAR2</attrtype><attwidth>110</attwidth><attrdef>First road of the intersection</attrdef><atprecis Sync="TRUE">0</atprecis><attscale Sync="TRUE">0</attscale></attr><attr><attrlabl>ROAD_2</attrlabl><attalias>ROAD_2</attalias><attrtype>VARCHAR2</attrtype><attwidth>110</attwidth><attrdef>Seconf road of the intersection</attrdef><atprecis Sync="TRUE">0</atprecis><attscale Sync="TRUE">0</attscale></attr><attr><attrlabl>X</attrlabl><attalias>X</attalias><attrtype>NUMBER</attrtype><attwidth>22</attwidth><attrdef>Easting in MTM NAD27 3 degree Projection</attrdef><atprecis Sync="TRUE">10</atprecis><attscale Sync="TRUE">4</attscale></attr><attr><attrlabl>Y</attrlabl><attalias>Y</attalias><attrtype>NUMBER</attrtype><attwidth>22</attwidth><attrdef>Northing in MTM NAD27 3 degree Projection</attrdef><atprecis Sync="TRUE">10</atprecis><attscale Sync="TRUE">4</attscale></attr><attr><attrlabl>LONGITUDE</attrlabl><attalias>LONGITUDE</attalias><attrtype>NUMBER</attrtype><attwidth>22</attwidth><attrdef>Longitude in WGS84 Coordinate System</attrdef><atprecis Sync="TRUE">13</atprecis><attscale Sync="TRUE">11</attscale></attr><attr><attrlabl>LATITUDE</attrlabl><attalias>LATITUDE</attalias><attrtype>NUMBER</attrtype><attwidth>22</attwidth><attrdef>Latitude in WGS84 Coordinate System</attrdef><atprecis Sync="TRUE">13</atprecis><attscale Sync="TRUE">11</attscale></attr><attr><attrlabl>OBJECTID</attrlabl><attalias>OBJECTID</attalias><attrtype>NUMBER</attrtype><attwidth>22</attwidth><attrdef>Unique system identifier</attrdef><atprecis Sync="TRUE">10</atprecis><attscale Sync="TRUE">0</attscale></attr><attr><attrlabl>SHAPE</attrlabl><attalias>SHAPE</attalias><attrtype>SDO_GEOMETRY</attrtype><attwidth>64</attwidth><atprecis Sync="TRUE">0</atprecis><attscale Sync="TRUE">0</attscale><attrdef Sync="TRUE">Feature geometry.</attrdef><attrdefs Sync="TRUE">Esri</attrdefs><attrdomv><udom Sync="TRUE">Coordinates defining the features.</udom></attrdomv></attr></detailed></eainfo><spatRepInfo><VectSpatRep><geometObjs Name="RED_LIGHT_CAMERA_WGS84"><geoObjTyp><GeoObjTypCd value="004" Sync="TRUE"></GeoObjTypCd></geoObjTyp><geoObjCnt Sync="TRUE">77</geoObjCnt></geometObjs><topLvl><TopoLevCd value="001" Sync="TRUE"></TopoLevCd></topLvl></VectSpatRep></spatRepInfo><mdLang><languageCode value="eng" Sync="TRUE"></languageCode><countryCode value="CAN" Sync="TRUE"></countryCode></mdLang><distInfo><distFormat><formatName Sync="TRUE">Shapefile</formatName></distFormat><distTranOps><transSize Sync="TRUE">0.002</transSize></distTranOps></distInfo><mdHrLv><ScopeCd value="005" Sync="TRUE"></ScopeCd></mdHrLv><mdHrLvName Sync="TRUE">dataset</mdHrLvName><refSysInfo><RefSystem><refSysID><identCode code="0" Sync="TRUE"></identCode></refSysID></RefSystem></refSysInfo><mdDateSt Sync="TRUE">20150120</mdDateSt></metadata>
